﻿<?xml version="1.0" encoding="UTF-8"?>
<SliderPresets>
    <Preset name="Torcha Special - Slim NipBegone" set="CBBE 3BBB Body Amazing">
        <Group name="0. DNDDC Bodies"/>
        <Group name="1. DNDDC Clothes"/>
        <Group name="2. DNDDC Armors"/>
        <Group name="3. DNDDC Bikinis"/>
        <Group name="3BA"/>
        <Group name="3BBB"/>
        <Group name="Apachii Divine Elegance CBBE"/>
        <Group name="CBAdvanced"/>
        <Group name="CBBE"/>
        <Group name="CBBE Bodies"/>
        <Group name="CBBE SE - COCO Lingerie"/>
        <Group name="CBBE SE - COCO Pinup Cheongsam"/>
        <Group name="CBBE SE - Mini Bikini"/>
        <Group name="CBBE SE - Ultimate Lingerie Collection 2"/>
        <Group name="CBBE Vanilla Outfits"/>
        <Group name="CBBE Vanilla Outfits Physics"/>
        <Group name="Cassandra Frost Witch"/>
        <Group name="Celes Nightingale"/>
        <Group name="Celes Rogue"/>
        <Group name="Celes Tarot"/>
        <Group name="Ceraph"/>
        <Group name="Crimson Blood"/>
        <Group name="Cursed Loot SE"/>
        <Group name="DD - BRRF SE"/>
        <Group name="DD Framework CBBE SE"/>
        <Group name="DD Framework HDT or NoHDT chains"/>
        <Group name="DFTAWB"/>
        <Group name="DX Dark Knight"/>
        <Group name="DX Demon Armour"/>
        <Group name="DX Necromancer"/>
        <Group name="DX Succubus"/>
        <Group name="Daring Gigaduex Armor"/>
        <Group name="Daughter of the Sea"/>
        <Group name="Daughters of Dimitrescu CBBE 3BA"/>
        <Group name="Druid Armour"/>
        <Group name="ERF"/>
        <Group name="Eilhart"/>
        <Group name="Emfy Cleric"/>
        <Group name="Emfy Cleric Physics"/>
        <Group name="Fancy Dress"/>
        <Group name="Frankly HD"/>
        <Group name="Gwelda Dawnguard"/>
        <Group name="Gwelda Vampire"/>
        <Group name="Gwelda Witch"/>
        <Group name="Hunting Grounds Outfit"/>
        <Group name="Katarina"/>
        <Group name="Kynreeve Armour"/>
        <Group name="Light Elven Armour"/>
        <Group name="Lingerie Set 3BBB"/>
        <Group name="Mage Robes"/>
        <Group name="Merta Black Rose"/>
        <Group name="Minidresses CBBE SE all in one [physics]"/>
        <Group name="Minidresses CBBE SE body only [physics]"/>
        <Group name="Minidresses CBBE SE misc parts"/>
        <Group name="Mirai"/>
        <Group name="Mirai - Physics"/>
        <Group name="Mirai - Special"/>
        <Group name="Ralfetas Panties"/>
        <Group name="Ranger Armor"/>
        <Group name="Regalia"/>
        <Group name="SL Parasites CBBE SE"/>
        <Group name="SOS"/>
        <Group name="Skin-Tight Dragon Wear"/>
        <Group name="Spartan Bard"/>
        <Group name="Spice Gear CBBE SE all in one [max physics]"/>
        <Group name="Spice Gear CBBE SE body only [immersive physics]"/>
        <Group name="Spice Gear CBBE SE body only [max physics]"/>
        <Group name="Spice Gear CBBE SE misc parts"/>
        <Group name="TAWOBA Remastered"/>
        <Group name="TAWOBA Remastered [3BA]"/>
        <Group name="Tera Armors Collection CBBE High Heels"/>
        <Group name="Tera Armors Collection CBBE Physics"/>
        <Group name="Tera Armors Collection CBBE SSE"/>
        <Group name="The Witcher"/>
        <Group name="Unified UNP"/>
        <Group name="Unified UNP HDT"/>
        <Group name="WWB - CBBE"/>
        <Group name="Witch Hunter Armour"/>
        <Group name="[SunJeong] Ninirim Collection Group"/>
        <Group name="[SunJeong] Ninirim Collection Group - Nipples Exposed (Breast Supported)"/>
        <Group name="[SunJeong] Ninirim Collection Group - No Support / Exposed (Body Preset)"/>
        <SetSlider name="AnkleSize" size="big" value="100"/>
        <SetSlider name="AppleCheeks" size="big" value="64"/>
        <SetSlider name="AppleCheeks" size="small" value="30"/>
        <SetSlider name="AreolaSize" size="big" value="130"/>
        <SetSlider name="AreolaSize" size="small" value="100"/>
        <SetSlider name="Arms" size="big" value="100"/>
        <SetSlider name="Arms" size="small" value="100"/>
        <SetSlider name="Belly" size="big" value="-30"/>
        <SetSlider name="Belly" size="small" value="-30"/>
        <SetSlider name="BigButt" size="big" value="72"/>
        <SetSlider name="BigButt" size="small" value="20"/>
        <SetSlider name="BigTorso" size="big" value="-50"/>
        <SetSlider name="BigTorso" size="small" value="-80"/>
        <SetSlider name="BreastCleavage" size="big" value="13"/>
        <SetSlider name="BreastCleavage" size="small" value="20"/>
        <SetSlider name="BreastGravity2" size="big" value="13"/>
        <SetSlider name="BreastGravity2" size="small" value="70"/>
        <SetSlider name="BreastHeight" size="big" value="88"/>
        <SetSlider name="BreastHeight" size="small" value="70"/>
        <SetSlider name="BreastTopSlope" size="big" value="25"/>
        <SetSlider name="BreastTopSlope" size="small" value="100"/>
        <SetSlider name="BreastWidth" size="big" value="5"/>
        <SetSlider name="BreastWidth" size="small" value="5"/>
        <SetSlider name="Breasts" size="big" value="120"/>
        <SetSlider name="Breasts" size="small" value="85"/>
        <SetSlider name="BreastsNewSH" size="big" value="49"/>
        <SetSlider name="BreastsTogether" size="big" value="100"/>
        <SetSlider name="BreastsTogether" size="small" value="70"/>
        <SetSlider name="Butt" size="big" value="100"/>
        <SetSlider name="Butt" size="small" value="25"/>
        <SetSlider name="ButtSmall" size="big" value="39"/>
        <SetSlider name="CalfSmooth" size="big" value="54"/>
        <SetSlider name="CalfSmooth" size="small" value="54"/>
        <SetSlider name="ChubbyWaist" size="big" value="-20"/>
        <SetSlider name="CrotchBack" size="big" value="30"/>
        <SetSlider name="CrotchBack" size="small" value="30"/>
        <SetSlider name="HipBone" size="big" value="100"/>
        <SetSlider name="Hips" size="big" value="10"/>
        <SetSlider name="Hips" size="small" value="10"/>
        <SetSlider name="KneeHeight" size="big" value="100"/>
        <SetSlider name="KneeHeight" size="small" value="100"/>
        <SetSlider name="LegsThin" size="big" value="31"/>
        <SetSlider name="LegsThin" size="small" value="32"/>
        <SetSlider name="MuscleAbs" size="small" value="50"/>
        <SetSlider name="MuscleButt" size="big" value="40"/>
        <SetSlider name="MuscleButt" size="small" value="40"/>
        <SetSlider name="MuscleLegs" size="big" value="23"/>
        <SetSlider name="MuscleLegs" size="small" value="40"/>
        <SetSlider name="NipBGone" size="big" value="100"/>
        <SetSlider name="NipBGone" size="small" value="74"/>
        <SetSlider name="NippleDown" size="big" value="15"/>
        <SetSlider name="NippleDown" size="small" value="15"/>
        <SetSlider name="NipplePerkManga" size="small" value="60"/>
        <SetSlider name="NipplePerkiness" size="big" value="100"/>
        <SetSlider name="NipplePerkiness" size="small" value="60"/>
        <SetSlider name="NippleSize" size="big" value="-50"/>
        <SetSlider name="NippleUp" size="big" value="50"/>
        <SetSlider name="NippleUp" size="small" value="50"/>
        <SetSlider name="PregnancyBelly" size="big" value="-7"/>
        <SetSlider name="PregnancyBelly" size="small" value="-7"/>
        <SetSlider name="PushUp" size="big" value="43"/>
        <SetSlider name="ShoulderSmooth" size="big" value="100"/>
        <SetSlider name="ShoulderSmooth" size="small" value="100"/>
        <SetSlider name="ShoulderTweak" size="big" value="30"/>
        <SetSlider name="ShoulderTweak" size="small" value="30"/>
        <SetSlider name="ShoulderWidth" size="big" value="100"/>
        <SetSlider name="ShoulderWidth" size="small" value="100"/>
        <SetSlider name="SlimThighs" size="big" value="10"/>
        <SetSlider name="SlimThighs" size="small" value="100"/>
        <SetSlider name="Thighs" size="big" value="100"/>
        <SetSlider name="Thighs" size="small" value="30"/>
        <SetSlider name="Waist" size="big" value="-80"/>
        <SetSlider name="Waist" size="small" value="-80"/>
        <SetSlider name="WaistHeight" size="big" value="70"/>
        <SetSlider name="WideWaistLine" size="big" value="69"/>
        <SetSlider name="WideWaistLine" size="small" value="-30"/>
        <SetSlider name="WristSize" size="big" value="100"/>
    </Preset>
</SliderPresets>
